iter	Logloss
0	0.69134758
1	0.6893203735
2	0.6876538086
3	0.6875144196
4	0.6858203888
5	0.6846424866
6	0.6845307922
7	0.6829063416
8	0.6817714691
9	0.680450592
10	0.6786686707
11	0.6779629517
12	0.6768652344
13	0.6759188843
14	0.674407959
15	0.6729075623
16	0.6720115662
17	0.6707108307
18	0.6698406982
19	0.6684763336
20	0.6678515625
21	0.6665771484
22	0.6653193665
23	0.6646763611
24	0.6642614746
25	0.6628396606
