iter	Logloss
0	0.6277806473
1	0.5767790222
2	0.5324591064
3	0.4885245895
4	0.4508954239
5	0.4222699738
6	0.3974119949
7	0.3734874725
8	0.3537072754
9	0.3353399658
10	0.3192822075
11	0.303760891
12	0.291888237
13	0.2800859451
14	0.2683044434
15	0.2569603729
16	0.2475819016
17	0.2397908401
